kp,kd,ki,f1, f2 
4.287575283699528,1.0,0.8693455225613739,2.0842159467335,0.04043080932540248
7.48126239190497,1.0,0.1425108423696675,1.8808150052723946,0.056448419343765786
6.605616551624525,1.9785132586782328,0.2252522354709381,2.238877276969304,0.03751126747027149
5.094815203248203,0.876237822202039,1.0,1.969102078151729,0.047351449460540686
2.4820870691493786,1.0,0.3654937016955937,2.6153368901862,0.03280509755088376
10.0,3.4041705164604874,5.955158477411072,2.4675912187145834,0.03484468716563805
2.347623327116095,1.0,0.9930748245161278,2.764947574390035,0.03193742521640288
1.9337933610429623,0.6467018091564197,1.0,2.4792023446031237,0.03369757548717279
