kp,kd,kp1,kd1,f1, f2 
1.0,4.8811639951386745,0.11189944078567715,1.0,8.379895106891649,0.10294212020265553
0.0642798369166977,3.76693898211283,0.6794938193774375,1.0,3.9217620554127044,0.11671395197837564
2.3547099088628407,0.9895388827304411,0.3112461133669846,1.0,2.894557300454829,0.11777717468649929
0.474130548037067,2.6592814656597605,0.03678829003828721,1.0,19.416109837884182,0.09400842634987122
0.9524488351895668,1.0,0.14194114156197407,0.3401572877338386,2.3710244874716584,0.11794733833075965
