kp,kd,kp1,kd1,f1, f2 
0.6692645022766834,1.4261334774315375,0.12197798647664793,1.6225781374949744,11.161395670041282,0.10555429062018896
0.0,1.596283985198973,0.3518172771504302,2.951515998568811,8.913297335767432,0.10592127181153758
1.1874542923828821,4.1443175452963255,0.2682179881754787,2.403704152382023,7.856704948533182,0.10894599938740783
6.444264366584144,3.418323350150283,1.1015667085182705,0.4591830599912452,0.42277894085805356,0.13210480818445627
8.0,2.4718154105053176,1.3232926425568718,0.22787396297592322,0.2206362951042069,0.14324734512983917
5.320116685707747,1.1573687145138534,0.9974217325504736,0.29343102197368187,0.30102691323770653,0.13279019670738226
7.76679766023944,1.462833272010027,5.0,0.7594292445439322,0.17574528253755656,0.19157354485853767
7.9538494979142484,1.1613099611780606,5.0,0.6324246303231533,0.158040981064938,0.19733015926391337
