kp,kd,kp1,kd1,f1, f2 
6.588055767639533,1.3674983861148635,3.28776270429797,0.40168834455233393,0.16600343471587062,0.1770227638535447
0.0,2.9656970713627864,0.33744518501487586,2.52425668512457,9.39398850580082,0.0981770410457868
5.570514111961149,1.06854949525014,5.0,0.543061564862255,0.15361834002601263,0.20131022918229471
0.0,0.887845751033683,0.7489928782810771,0.9755757467761722,2.0461610196210285,0.12141491467768595
8.0,3.1953469508872003,1.6671929799925451,0.4186714207205372,0.2747611839232248,0.14219572427256275
3.036135731065773,3.4195284754621005,0.1418466288163902,0.950368707246467,6.033349318942095,0.11273487370698748
