kp,kd,kp1,kd1,f1, f2 
0.015848648869785542,2.080793780721418,0.3424021597861142,1.7424307830740267,6.535796075440321,0.10015742386013267
0.0,0.997635286938176,0.48022144090851815,1.4618353852357528,3.6718006120414604,0.11021012078064286
7.314134896838362,2.153254943649535,2.10969628900373,0.46926036863988685,0.24016782313306684,0.14746457948562214
5.577271644248411,2.611939517123543,1.3471826906378361,0.34962042513865654,0.2991494577006638,0.1400676841941134
2.638227738518398,4.0497522977869655,0.5368947677598945,1.601816133360653,2.693018900419664,0.12101362856651512
3.4494939660607447,0.6708885794675081,5.0,0.6608883371997631,0.1878429949139528,0.19240739621837272
