kp,kd,ki,kp1,kd1,ki1,f1, f2 
5.031385217145871,1.0,1.0,5.856722938615233,0.9837541072221813,0.5387150417892224,0.8181210046104994,0.11295043296219871
5.516296933273873,2.1385910132681185,1.3304092007086492,7.325580592337081,0.4743864661696745,1.6370445274618806,0.31288173297952143,0.1436312037730024
1.0,1.0,0.8606606657994169,8.010117462846239,0.5604809130665211,1.0,0.34240485583945096,0.14030234610466286
2.184274663828262,1.0,1.0,8.010117462846239,0.6689517125874878,1.0,0.3196472282289066,0.14077452092362253
4.541785457503145,1.0210856966445907,2.5136945758130413,8.955918187839654,0.31729043745760743,4.828242482197313,0.2978119805376169,0.23514373812258432
2.184274663828262,4.8551619899466605,4.21440236722232,6.406557194329686,0.6689517125874878,1.2286028746745297,0.4731849666097556,0.12758864410348336
8.991580648597617,2.447860450909183,3.308441915434952,5.272052406613948,1.2430082237241362,0.013838416578265678,1.4799998800803484,0.0876924627205412
6.936603676393412,4.877637363757137,0.3141821711387338,9.144164941555077,0.40318639313936366,4.688698303436547,0.25287172245615247,0.2385321185646575
