kp,kd,ki,kp1,kd1,ki1,f1, f2 
3.905639975782541,2.3816604761902074,2.3439242131058706,8.415377455415616,0.48897295474550406,1.0,0.25936259417879165,0.1629465315561902
3.7592155711043276,1.9778330280990786,1.8234874762125453,9.919136020459788,0.5577788044547005,1.258457870821303,0.2278014164402056,0.1929501597611941
8.61640738621051,4.658694157932936,0.9200577835398555,6.492489258440069,0.3683970754429394,0.2429704241826236,0.325421354134867,0.13613183698592468
1.0,1.0,0.9200577835398555,6.492489258440069,0.3759235396523287,0.2429704241826236,0.39489064467260715,0.11595884176953082
3.785813855603719,2.3063093104838615,4.822321591095681,5.040623148846473,1.0125148642264685,0.2032051434870552,2.037873575389144,0.10973221252971216
5.934371846797472,4.328595032098151,1.546793159541044,5.2137953401849995,4.084410278479466,0.3008907173588693,5.0654149956334305,0.1048948082195616
