kp,kd,ki,kp1,kd1,ki1,f1, f2 
1.0,3.957320472729842,1.0,6.562480076585688,0.7297179683928082,0.7657235094138755,0.45870574930192115,0.1219604638289986
0.30534377219504893,1.0,0.3314574045741525,7.248264289595236,0.8178565313135013,0.7351955226407694,0.4438880027538732,0.12292363442275228
