kp,kd,ki,kp1,kd1,ki1,f1, f2 
1.0,1.0,0.7397626836092699,6.595844769436252,0.22615398169415857,0.16742547287406262,0.3494337894834181,0.1401586895909706
1.0,2.9885400269805715,0.04173143835884563,9.556312421115381,0.9343174035918969,0.9279405695108782,0.2812806464661192,0.16897258749372362
0.984353634245162,4.469360400418675,3.6763036242538,9.556312421115381,0.5811924453190448,1.3764923827979052,0.24070174951874238,0.20061661678386733
8.096413853271988,3.200687967585666,2.8080090168314333,5.937599645127052,1.497341577496275,0.12315173233633403,1.0824475876504072,0.10150346523728289
3.9693256002814103,2.175005126034776,1.5606756567409619,6.324419915201802,0.2813896782467029,1.3742077651232116,0.3601877362259865,0.1370686064615817
5.041282661593231,2.248132694859021,4.502270086502985,9.766227314616678,0.688870764148346,4.625256896340117,0.2579624771408042,0.19034439597558034
6.859589587652585,3.968551088735341,3.388165610283993,4.679801627994894,2.089039058396378,0.013460472473332263,5.863546912606245,0.06701114107779428
