kp,kd,ki,kp1,kd1,ki1,f1, f2 
0.0,2.3679150450439272,1.3375058538363573,4.419124396032731,3.181498953150105,0.0,12.254176335085736,0.052325732236363255
4.782100535121008,1.9050787553117556,1.8392997276480918,4.382197336238864,2.60964346325457,0.0,12.33001195967433,0.05137611767840417
1.9692339462514008,2.875461761922123,0.21063877421145571,7.165670185741094,1.301690389501694,0.2769895429167615,0.5759828068479006,0.12090164934181996
4.708334843752073,2.9084974919767124,3.3133302084284946,7.0848673680196725,0.5536985468428246,0.0,0.3259636064883178,0.12863075058888204
3.1915075611641184,3.0558662666033114,4.284688929249217,5.150142450001528,1.4816548647470784,0.09015304791021417,2.2725500964284646,0.09383181132918192
5.9653655411902715,2.2658712664874954,2.8042435107579355,10.0,0.812238044901815,5.0,0.2638450669378229,0.1909636905375908
4.780595036330127,1.9104428246941736,2.8839860357217804,7.148416526111047,0.29901561581491043,0.026768424943452773,0.28407584354842513,0.15201019897640114
7.101111581613125,2.9084974919767124,2.098597195813112,4.2340942411275755,2.710172552746191,0.0,14.90108378479033,0.04717785493243704
0.0,4.450144821371493,3.1589126649842822,6.934214718500659,3.0546483342098565,0.0,1.3617386130236624,0.11143897977885123
