kp,kd,ki,kp1,kd1,ki1,f1, f2 
4.725301209645694,4.410060060882774,2.5232440569229655,2.5002987280337567,5.379603770000084,0.04809862854250979,43.22985140606559,0.025772251827802017
7.628043656100445,0.6678915627618747,0.49638926622471824,3.335954882589103,1.1213572477892686,0.0,32.179305483674,0.028116385295933834
2.099069967597016,3.849283218872577,2.8376310063282344,6.832794419906371,0.43138721779426903,4.306017834325288,0.38991978637794245,0.1637964005407811
6.158229878643656,1.4249065726927999,4.840621549694031,5.028470472219368,1.029880373699522,0.0,1.960475218469091,0.08302239076272817
8.163286419556856,3.418845565098225,3.5788369834010885,10.0,0.33606742519638266,0.0,0.21906932212145463,0.26357077424561864
0.0,1.7349742041528526,0.0,4.4702908500599,8.042255426227971,0.0,15.436042412204737,0.052403626388363704
8.638311186996201,3.0620483399751732,1.5809054522551809,9.259647820043051,1.0385661153774104,3.7478817970306935,0.3257960527375619,0.1777671263377784
7.231837970237182,3.424470601443236,0.0,3.4995837135584353,10.0,0.24107875585149174,14.076229533078354,0.07627373155039173
